,Bray-Curtis,Bray-Curtis,Robust Aitchison,Robust Aitchison,Weighted Unifrac,Weighted Unifrac
,F statistic,p-value,F statistic,p-value,F statistic,p-value
Infants,9.250354981818267,0.001,44.157633650524325,0.001,20.944732742385444,0.001
Sleep_Apnea,9.540282372182485,0.001,84.62623433831229,0.001,5.765628987204496,0.002
Sponges,54.002631939502024,0.001,276.94919887480637,0.001,89.01926659719349,0.001
