,Bray-Curtis,Bray-Curtis,Robust Aitchison,Robust Aitchison,Weighted Unifrac,Weighted Unifrac
,F statistic,p-value,F statistic,p-value,F statistic,p-value
Infants,9.250354981818267,0.001,44.15763365052426,0.001,20.944732742385444,0.001
Sleep_Apnea,9.540282372182444,0.001,84.62623433831224,0.001,5.765628987204475,0.003
Sponges,54.002631939502024,0.001,276.94919887480603,0.001,89.01926659719358,0.001
